,Area,Year,Cropland (ha/cap),Crop Prod Total (tonnes),Fertilizer N20 Emissions (kt),Efficiency (kt/cropland),Em_label,Eff_label,CL_label
0,Argentina,1961,0.9416,48489517.56,0.1747,51496.93878504673,Low,Mid,High
1,Argentina,1962,0.9544,48607482.31,0.1792,50929.885069153395,Low,Mid,High
2,Argentina,1963,0.9589,55339474.65,0.3471,57711.41375534466,Mid,Mid,High
3,Argentina,1964,0.9624,57610742.18,0.4164,59861.53593100582,Mid,Mid,High
4,Argentina,1965,0.9685,54322641.879999995,0.5205,56089.45986577181,Mid,Mid,High
5,Argentina,1966,1.0048,56070513.58,0.5311,55802.66080812102,Mid,Mid,High
6,Argentina,1967,1.0216,56683734.74,0.7711,55485.253269381355,Mid,Mid,High
7,Argentina,1968,1.0715,52685358.01,0.6384,49169.72282781148,Mid,Mid,High
8,Argentina,1969,1.0607,56883880.120000005,0.7297,53628.62272084473,Mid,Mid,High
9,Argentina,1970,1.0497,57961651.26,0.8537,55217.349014003994,Mid,Mid,High
10,Argentina,1971,1.0387,60580128.269999996,0.937,58323.02712043901,Mid,Mid,High
11,Argentina,1972,1.0276,59482245.08,1.0203,57884.62931101595,Mid,Mid,High
12,Argentina,1973,1.0161,69494128.34,0.9129,68393.00102352131,Mid,Mid,High
13,Argentina,1974,1.0041,72201059.27,0.8745,71906.2436709491,Mid,Mid,High
14,Argentina,1975,0.9927,69701955.69,0.583,70214.52169839831,Mid,Mid,High
15,Argentina,1976,0.982,74181906.62,0.8162,75541.65643584523,Mid,Mid,High
16,Argentina,1977,0.9714,72124789.57,0.8683,74248.29068354951,Mid,Mid,High
17,Argentina,1978,0.9607,76156958.14,0.9936,79272.3619652337,Mid,Mid,High
18,Argentina,1979,0.9503,76719339.07,1.2267,80731.70479848467,Mid,Mid,High
19,Argentina,1980,0.94,72178222.84,1.3045,76785.34344680852,Mid,Mid,High
20,Argentina,1981,0.9299,80521419.87,1.0655,86591.48281535649,Mid,Mid,High
21,Argentina,1982,0.9199,86880123.44,1.1098,94445.18256332209,Mid,Mid,High
22,Argentina,1983,0.9102,85025431.51,1.2951,93414.00956932543,Mid,Mid,High
23,Argentina,1984,0.9007,87674731.47,2.1613,97340.6588986344,Mid,Mid,High
24,Argentina,1985,0.8915,83777843.46000001,2.1779,93974.02519349412,Mid,Mid,High
25,Argentina,1986,0.8824,83801971.6,1.9364,94970.50271985494,Mid,Mid,High
26,Argentina,1987,0.8734,80980715.11,1.9676,92718.93188687887,Mid,Mid,High
27,Argentina,1988,0.8644,84394119.74,2.0634,97633.17878297085,Mid,Mid,High
28,Argentina,1989,0.8546,74900013.14,2.0697,87643.3572899602,Mid,Mid,High
29,Argentina,1990,0.8455,82969720.55,2.1113,98130.95274985215,Mid,Mid,High
30,Argentina,1991,0.8367,90815919.46000001,1.9926,108540.59933070396,Mid,Mid,High
31,Argentina,1992,0.8283,92193211.5,3.0524,111304.13074972836,Mid,Mid,High
32,Argentina,1993,0.8202,88025431.59,3.4918,107321.91122896854,Mid,Mid,High
33,Argentina,1994,0.8124,92850034.5,5.8675,114291.03212703101,High,Mid,High
34,Argentina,1995,0.8048,103423007.64,6.6379,128507.71327037773,High,Mid,High
35,Argentina,1996,0.7978,100389929.89,10.6252,125833.4543619955,High,Mid,High
36,Argentina,1997,0.7911,115431139.4,9.9193,145912.19744659335,High,Mid,High
37,Argentina,1998,0.7849,128653367.48,8.8012,163910.5204229838,High,Mid,High
38,Argentina,1999,0.7784,121224007.34,9.5216,155734.85012846865,High,Mid,High
39,Argentina,2000,0.7726,125742678.56,10.3737,162752.62562775047,High,Mid,High
40,Argentina,2001,0.767,128949242.49,10.3378,168121.56778357233,High,Mid,High
41,Argentina,2002,0.7618,129164427.17,11.131,169551.6240089262,High,Mid,High
42,Argentina,2003,0.8054,134708668.82999998,15.4216,167256.85228457907,High,Mid,High
43,Argentina,2004,0.8481,134000021.75999999,16.5827,158000.26147859922,High,Mid,High
44,Argentina,2005,0.8905,155972000.53,13.3342,175151.03933745087,High,Mid,High
45,Argentina,2006,0.9267,152775356.95,16.4006,164859.56291140604,High,Mid,High
46,Argentina,2007,0.9526,166917341.43,20.4331,175222.90723283644,High,Mid,High
47,Argentina,2008,0.9097,173148371.39,15.8651,190335.68362097396,High,Mid,High
48,Argentina,2009,0.8723,135748522.94,9.9331,155621.3721655394,High,Mid,High
49,Argentina,2010,0.949,163981252.18,16.0584,172793.7325395153,High,Mid,High
50,Argentina,2011,0.9544,177827935.05,17.8479,186324.32423512154,High,Mid,High
51,Argentina,2012,0.9683,163159578.47,15.3015,168501.0621398327,High,Mid,High
52,Argentina,2013,0.9529,178698311.85999998,16.4105,187531.02304544023,High,Mid,High
53,Argentina,2014,0.9335,180977709.43,16.3259,193870.06901981792,High,Mid,High
54,Argentina,2015,0.956,194506123.69,12.5653,203458.2883786611,High,Mid,High
55,Argentina,2016,0.9397,194935707.3,19.2257,207444.61775034587,High,High,High
56,Argentina,2017,0.9392,207354597.37,20.3184,220777.89328151618,High,High,High
57,Argentina,2018,0.9288,185842925.74,24.1637,200089.28266580537,High,Mid,High
58,Argentina,2019,0.9368,217722439.24,26.6202,232410.8019214347,High,High,High
59,Argentina,2020,0.9548,210727179.04,29.1579,220702.9524926686,High,High,High
60,Argentina,2021,0.9563,212222969.38,34.5223,221920.9132908083,High,High,High
62,Bolivia (Plurinational State of),1961,0.381,2474247.08,0.0073,6494.086824146982,Low,Low,Mid
63,Bolivia (Plurinational State of),1962,0.3732,2521211.83,0.0083,6755.658708467311,Low,Low,Mid
64,Bolivia (Plurinational State of),1963,0.3655,2948710.25,0.0094,8067.606703146375,Low,Low,Mid
65,Bolivia (Plurinational State of),1964,0.3668,3267473.41,0.0104,8908.051826608506,Low,Low,Mid
66,Bolivia (Plurinational State of),1965,0.3681,3184663.04,0.0104,8651.624667209997,Low,Low,Mid
67,Bolivia (Plurinational State of),1966,0.3689,3236076.09,0.0104,8772.231200867443,Low,Low,Mid
68,Bolivia (Plurinational State of),1967,0.3697,3449177.5300000003,0.0416,9329.66602650798,Low,Low,Mid
69,Bolivia (Plurinational State of),1968,0.37,3882607.25,0.0208,10493.533108108108,Low,Low,Mid
70,Bolivia (Plurinational State of),1969,0.3703,4071939.81,0.0256,10996.326789089926,Low,Low,Mid
71,Bolivia (Plurinational State of),1970,0.3701,4212093.1,0.0123,11380.959470413402,Low,Low,Mid
72,Bolivia (Plurinational State of),1971,0.3699,3965592.95,0.0583,10720.71627466883,Low,Low,Mid
73,Bolivia (Plurinational State of),1972,0.3692,4550604.21,0.0764,12325.58020043337,Low,Low,Mid
74,Bolivia (Plurinational State of),1973,0.3688,5410270.26,0.0577,14669.93020607375,Low,Mid,Mid
75,Bolivia (Plurinational State of),1974,0.3676,5429700.6899999995,0.0791,14770.676523394994,Low,Mid,Mid
76,Bolivia (Plurinational State of),1975,0.3666,6020854.67,0.0333,16423.498827059466,Low,Mid,Mid
77,Bolivia (Plurinational State of),1976,0.3653,6755255.84,0.0271,18492.351053928276,Low,Mid,Mid
78,Bolivia (Plurinational State of),1977,0.3641,6693960.79,0.0396,18384.951359516617,Low,Mid,Mid
79,Bolivia (Plurinational State of),1978,0.3626,6888459.279999999,0.0317,18997.405626034197,Low,Mid,Mid
80,Bolivia (Plurinational State of),1979,0.3609,6629199.23,0.0336,18368.521003047936,Low,Mid,Mid
81,Bolivia (Plurinational State of),1980,0.3595,6759456.41,0.0301,18802.382225312936,Low,Mid,Mid
82,Bolivia (Plurinational State of),1981,0.358,6976373.62,0.0566,19487.07715083799,Low,Mid,Mid
83,Bolivia (Plurinational State of),1982,0.3565,6933950.43,0.0271,19450.07133239832,Low,Mid,Mid
84,Bolivia (Plurinational State of),1983,0.355,5469054.16,0.0651,15405.786366197186,Low,Mid,Mid
85,Bolivia (Plurinational State of),1984,0.3546,6634820.359999999,0.0527,18710.717315284826,Low,Mid,Mid
86,Bolivia (Plurinational State of),1985,0.3425,7460932.12,0.0562,21783.743416058394,Low,Mid,Mid
87,Bolivia (Plurinational State of),1986,0.3378,7165511.41,0.0583,21212.289550029604,Low,Mid,Mid
88,Bolivia (Plurinational State of),1987,0.3343,6835876.38,0.098,20448.32898594077,Low,Mid,Mid
89,Bolivia (Plurinational State of),1988,0.3307,6640513.42,0.0637,20080.173631690355,Low,Mid,Mid
90,Bolivia (Plurinational State of),1989,0.3267,6764912.66,0.0967,20706.80336700337,Low,Mid,Mid
91,Bolivia (Plurinational State of),1990,0.3178,8353355.74,0.0484,26284.94568911265,Low,Mid,Mid
92,Bolivia (Plurinational State of),1991,0.3169,8518639.82,0.0739,26881.16068160303,Low,Mid,Mid
93,Bolivia (Plurinational State of),1992,0.3152,7864689.529999999,0.1146,24951.426173857868,Low,Mid,Mid
94,Bolivia (Plurinational State of),1993,0.3152,8593640.14,0.0532,27264.086738578688,Low,Mid,Mid
95,Bolivia (Plurinational State of),1994,0.327,9362269.82,0.0898,28630.79455657492,Low,Mid,Mid
96,Bolivia (Plurinational State of),1995,0.3526,10336765.84,0.0585,29315.841860465116,Low,Mid,Mid
97,Bolivia (Plurinational State of),1996,0.3571,10224469.35,0.0839,28631.95001400168,Low,Mid,Mid
98,Bolivia (Plurinational State of),1997,0.3739,9907135.17,0.1014,26496.750922706604,Low,Mid,Mid
99,Bolivia (Plurinational State of),1998,0.3802,10264146.99,0.0277,26996.70433982115,Low,Mid,Mid
100,Bolivia (Plurinational State of),1999,0.3837,10514264.39,0.0188,27402.304899661194,Low,Mid,Mid
101,Bolivia (Plurinational State of),2000,0.3854,10803834.84,0.067,28032.783705241305,Low,Mid,Mid
102,Bolivia (Plurinational State of),2001,0.3802,11169130.370000001,0.1118,29376.98677012099,Low,Mid,Mid
103,Bolivia (Plurinational State of),2002,0.391,12369216.94,0.1258,31634.825933503835,Low,Mid,Mid
104,Bolivia (Plurinational State of),2003,0.4093,12895676.1,0.1291,31506.660395797702,Low,Mid,Mid
105,Bolivia (Plurinational State of),2004,0.4097,13340055.34,0.1303,32560.545130583352,Low,Mid,Mid
106,Bolivia (Plurinational State of),2005,0.4271,13518752.64,0.2539,31652.42950128776,Mid,Mid,Mid
107,Bolivia (Plurinational State of),2006,0.434,14824405.39,0.1813,34157.61610599078,Low,Mid,Mid
108,Bolivia (Plurinational State of),2007,0.441,15056208.61,0.2474,34141.06260770975,Mid,Mid,Mid
109,Bolivia (Plurinational State of),2008,0.4465,15880435.2,0.2805,35566.484210526316,Mid,Mid,Mid
110,Bolivia (Plurinational State of),2009,0.4517,17863048.32,0.2879,39546.26592871375,Mid,Mid,Mid
111,Bolivia (Plurinational State of),2010,0.4567,16097873.95,0.374,35248.24600394132,Mid,Mid,Mid
112,Bolivia (Plurinational State of),2011,0.4621,16616488.66,0.4253,35958.64241506167,Mid,Mid,Mid
113,Bolivia (Plurinational State of),2012,0.4677,18813584.04,0.4012,40225.75163566388,Mid,Mid,Mid
114,Bolivia (Plurinational State of),2013,0.4732,19938150.46,0.5005,42134.72202028741,Mid,Mid,Mid
115,Bolivia (Plurinational State of),2014,0.4783,19577329.26,0.496,40931.06681998746,Mid,Mid,Mid
116,Bolivia (Plurinational State of),2015,0.4708,19943050.490000002,0.4814,42359.92032710281,Mid,Mid,Mid
117,Bolivia (Plurinational State of),2016,0.4513,20048726.48,0.4147,44424.38838909817,Mid,Mid,Mid
118,Bolivia (Plurinational State of),2017,0.432,20616305.84,0.4253,47722.930185185185,Mid,Mid,Mid
119,Bolivia (Plurinational State of),2018,0.4481,23202334.1,0.3834,51779.36643606338,Mid,Mid,Mid
120,Bolivia (Plurinational State of),2019,0.4674,22963131.22,0.3039,49129.50624732563,Mid,Mid,Mid
121,Bolivia (Plurinational State of),2020,0.4631,23102422.37,0.47,49886.46592528612,Mid,Mid,Mid
122,Bolivia (Plurinational State of),2021,0.4682,24512169.82,0.555,52354.05771038018,Mid,Mid,Mid
124,Brazil,1961,0.4174,128098513.61,1.1465,306896.2951844753,Mid,High,Mid
125,Brazil,1962,0.412,135621679.97,1.047,329178.8348786408,Mid,High,Mid
126,Brazil,1963,0.4067,139859814.17000002,1.2922,343889.38817310065,Mid,High,Mid
127,Brazil,1964,0.4015,145934976.13,1.0579,363474.4112826899,Mid,High,Mid
128,Brazil,1965,0.3965,165015628.76999998,1.4693,416180.65263556107,Mid,High,Mid
129,Brazil,1966,0.3918,161698825.91,1.4811,412707.5699591628,Mid,High,Mid
130,Brazil,1967,0.3874,170982598.13,2.215,441359.31370676303,Mid,High,Mid
131,Brazil,1968,0.3833,173344812.73000002,3.0049,452243.1847899818,Mid,High,Mid
132,Brazil,1969,0.3794,175488235.39,3.4237,462541.4744069583,Mid,High,Mid
133,Brazil,1970,0.3755,184635137.01,5.8007,491704.75901464705,High,High,Mid
134,Brazil,1971,0.3786,188840068.28,5.7942,498785.1777073429,High,High,Mid
135,Brazil,1972,0.3814,196803153.28,8.571,516001.97503932874,High,High,Mid
136,Brazil,1973,0.3839,202086293.34,7.2373,526403.4731440479,High,High,Mid
137,Brazil,1974,0.3862,212791626.18,8.1033,550988.1568617298,High,High,Mid
138,Brazil,1975,0.3883,212269942.39,8.4584,546664.8014164306,High,High,Mid
139,Brazil,1976,0.4077,232491009.38,10.3747,570250.2069659063,High,High,Mid
140,Brazil,1977,0.4259,255238411.71,14.585,599291.8800422634,High,High,Mid
141,Brazil,1978,0.4431,255147875.98000002,14.6217,575824.5903407809,High,High,Mid
142,Brazil,1979,0.4592,269485698.25,16.2127,586859.0989764809,High,High,Mid
143,Brazil,1980,0.4744,295760600.75,18.853,623441.4012436762,High,High,Mid
144,Brazil,1981,0.4712,306770855.65,13.9054,651041.7140280135,High,High,Mid
145,Brazil,1982,0.468,338087560.23,13.3736,722409.3167307692,High,High,Mid
146,Brazil,1983,0.4649,361344281.06,11.8276,777251.6262852227,High,High,Mid
147,Brazil,1984,0.462,377214560.87,16.9253,816481.7334848484,High,High,Mid
148,Brazil,1985,0.4592,413184176.53,17.3672,899791.3251959931,High,High,Mid
149,Brazil,1986,0.4407,401833941.34000003,20.4237,911808.3533923305,High,High,Mid
150,Brazil,1987,0.423,443975198.97,19.9448,1049586.7587943263,High,High,Mid
151,Brazil,1988,0.4062,436346371.98,16.9685,1074215.5883308714,High,High,Mid
152,Brazil,1989,0.39,440041265.23,16.7092,1128310.9364871795,High,High,Mid
153,Brazil,1990,0.3746,436290575.77,16.5863,1164683.8648424987,High,High,Mid
154,Brazil,1991,0.3599,442697416.07,17.2984,1230056.727063073,High,High,Mid
155,Brazil,1992,0.3458,464841050.18,17.5171,1344248.265413534,High,High,Mid
156,Brazil,1993,0.3323,439288339.75,22.6017,1321963.104875113,High,High,Mid
157,Brazil,1994,0.3191,501976807.94,25.4188,1573101.8738326542,High,High,Mid
158,Brazil,1995,0.3064,526969352.81000006,23.7385,1719873.8668733684,High,High,Mid
159,Brazil,1996,0.3075,525047789.31,26.0455,1707472.4855609757,High,High,Mid
160,Brazil,1997,0.3086,553600869.62,29.9433,1793910.7894361634,High,High,Mid
161,Brazil,1998,0.3097,571106020.48,32.1795,1844062.061608008,High,High,Mid
162,Brazil,1999,0.3108,576987085.46,34.5795,1856457.803925354,High,High,Mid
163,Brazil,2000,0.312,572098833.26,34.7301,1833650.106602564,High,High,Mid
164,Brazil,2001,0.3132,611599399.23,34.1471,1952743.9311302684,High,High,Mid
165,Brazil,2002,0.3146,642307848.06,41.1828,2041665.1241576606,High,High,Mid
166,Brazil,2003,0.3161,703633083.82,47.459,2225982.5492565646,High,High,Mid
167,Brazil,2004,0.3177,730898776.65,54.2973,2300594.19782814,High,High,Mid
168,Brazil,2005,0.3192,736448223.66,45.8131,2307168.620488722,High,High,Mid
169,Brazil,2006,0.3209,803471257.77,48.8421,2503805.7269242755,High,High,Mid
170,Brazil,2007,0.319,896238777.46,64.4304,2809525.9481504704,High,High,Mid
171,Brazil,2008,0.3172,1011278125.86,58.753,3188140.3715636823,High,High,Mid
172,Brazil,2009,0.3156,1043302045.46,50.5998,3305773.2745880866,High,High,Mid
173,Brazil,2010,0.314,1101543836.28,64.3687,3508101.3894267515,High,High,Mid
174,Brazil,2011,0.3125,1134972367.44,79.5996,3631911.575808,High,High,Mid
175,Brazil,2012,0.311,1122877265.1499999,71.9604,3610537.8300643084,High,High,Mid
176,Brazil,2013,0.3096,1194171856.1000001,84.6901,3857144.2380490964,High,High,Mid
177,Brazil,2014,0.3083,1171349861.79,94.3164,3799383.268861498,High,High,Mid
178,Brazil,2015,0.307,1198303512.33,72.9211,3903268.7698045596,High,High,Mid
179,Brazil,2016,0.3058,1194990476.39,75.6241,3907751.7213538266,High,High,Mid
180,Brazil,2017,0.3046,1237043880.38,94.8732,4061207.749113593,High,High,Mid
181,Brazil,2018,0.3021,1207055856.64,95.6524,3995550.667461106,High,High,Mid
182,Brazil,2019,0.2997,1236521049.73,102.2695,4125862.695128462,High,High,Mid
183,Brazil,2020,0.2976,1269298874.72,123.0727,4265117.18655914,High,High,Mid
184,Brazil,2021,0.2959,1220337527.91,139.5142,4124155.2142953705,High,High,Mid
186,Chile,1961,0.4614,7064231.21,0.3245,15310.427416558301,Mid,Mid,Mid
187,Chile,1962,0.4544,7176953.55,0.4662,15794.352002640844,Mid,Mid,Mid
188,Chile,1963,0.4478,7680853.52,0.5394,17152.419651630193,Mid,Mid,Mid
189,Chile,1964,0.4417,7737091.08,0.647,17516.620058863482,Mid,Mid,Mid
190,Chile,1965,0.4356,7555444.7,0.6587,17344.914370982555,Mid,Mid,Mid
191,Chile,1966,0.4298,8500485.76,0.7556,19777.770497906,Mid,Mid,Mid
192,Chile,1967,0.4244,8771499.85,0.7655,20668.001531573987,Mid,Mid,Mid
193,Chile,1968,0.4191,9175972.29,0.631,21894.469792412314,Mid,Mid,Mid
194,Chile,1969,0.414,8316343.5,0.7124,20087.78623188406,Mid,Mid,Mid
195,Chile,1970,0.4175,9450535.27,0.8015,22636.012622754493,Mid,Mid,Mid
196,Chile,1971,0.4156,9631798.09,0.9391,23175.645067372472,Mid,Mid,Mid
197,Chile,1972,0.414,9182202.08,1.0937,22179.232077294688,Mid,Mid,Mid
198,Chile,1973,0.4172,7784948.27,1.2347,18659.99105944391,Mid,Mid,Mid
199,Chile,1974,0.4154,8693532.82,1.0844,20928.10019258546,Mid,Mid,Mid
200,Chile,1975,0.4089,9253177.24,0.764,22629.438102225486,Mid,Mid,Mid
201,Chile,1976,0.4072,9791765.16,1.0108,24046.57455795678,Mid,Mid,Mid
202,Chile,1977,0.392,10951141.82,0.7726,27936.586275510206,Mid,Mid,Mid
203,Chile,1978,0.3771,9138113.51,1.0272,24232.600132590822,Mid,Mid,Mid
204,Chile,1979,0.3627,9626388.6,1.181,26540.911497105044,Mid,Mid,Mid
205,Chile,1980,0.3531,9517041.59,1.0585,26952.822401585952,Mid,Mid,Mid
206,Chile,1981,0.3394,10909723.21,0.9939,32144.146169711257,Mid,Mid,Mid
207,Chile,1982,0.3218,9990164.31,1.0006,31044.637383467994,Mid,Mid,Mid
208,Chile,1983,0.3131,10040016.01,1.3507,32066.483583519643,Mid,Mid,Mid
209,Chile,1984,0.3046,11637510.93,1.7967,38205.8796126067,Mid,Mid,Mid
210,Chile,1985,0.2979,11738900.91,2.1751,39405.508257804635,Mid,Mid,Mid
211,Chile,1986,0.2865,12796795.01,2.8313,44665.95116928447,Mid,Mid,Mid
212,Chile,1987,0.2606,13180501.6,2.9712,50577.51957022256,Mid,Mid,Mid
213,Chile,1988,0.2558,13675858.56,3.1753,53463.09053948397,Mid,Mid,Mid
214,Chile,1989,0.2528,14766210.879999999,3.2669,58410.64430379746,Mid,Mid,Mid
215,Chile,1990,0.2285,14514828.75,3.4168,63522.22647702407,Mid,Mid,Mid
216,Chile,1991,0.2167,14607791.58,3.2773,67410.2057221966,Mid,Mid,Mid
217,Chile,1992,0.1963,16740033.02,3.6229,85277.80448293428,Mid,Mid,Mid
218,Chile,1993,0.1841,16819890.3,4.0602,91362.79359043996,Mid,Mid,Mid
219,Chile,1994,0.1794,17617386.84,4.0602,98201.71036789297,Mid,Mid,Mid
220,Chile,1995,0.1665,18550736.49,4.4766,111415.83477477476,Mid,Mid,Low
221,Chile,1996,0.1574,18143456.42,4.6848,115269.73583227447,Mid,Mid,Low
222,Chile,1997,0.1551,18080899.9,4.5807,116575.75693101223,Mid,Mid,Low
223,Chile,1998,0.153,18785908.96,4.4766,122783.71869281046,Mid,Mid,Low
224,Chile,1999,0.1403,18030332.22,4.9138,128512.70292230933,Mid,Mid,Low
225,Chile,2000,0.1374,18630676.47,4.893,135594.44301310042,Mid,Mid,Low
226,Chile,2001,0.1385,20313753.93,4.7056,146669.70346570396,Mid,Mid,Low
227,Chile,2002,0.1316,20985345.31,5.1287,159463.11025835865,High,Mid,Low
228,Chile,2003,0.1214,20091840.88,4.6031,165501.160461285,Mid,Mid,Low
229,Chile,2004,0.1208,20897678.88,6.094,172994.03046357614,High,Mid,Low
230,Chile,2005,0.1165,21990255.49,5.0119,188757.55785407723,Mid,Mid,Low
231,Chile,2006,0.1102,22026953.72,5.6458,199881.6127041742,High,Mid,Low
232,Chile,2007,0.1042,19908703.25,6.7543,191062.41122840688,High,Mid,Low
233,Chile,2008,0.1067,20264131.55,8.2161,189916.88425492035,High,Mid,Low
234,Chile,2009,0.1092,19979645.15,7.3788,182963.7834249084,High,Mid,Low
235,Chile,2010,0.1074,21242257.02,7.2551,197786.37821229052,High,Mid,Low
236,Chile,2011,0.1106,23334301.53,5.7483,210979.21817359855,High,High,Low
237,Chile,2012,0.1091,23021873.89,5.6926,211016.25930339136,High,High,Low
238,Chile,2013,0.1111,23452893.38,6.0142,211097.15013501348,High,High,Low
239,Chile,2014,0.1104,21967254.76,5.8254,198978.756884058,High,Mid,Low
240,Chile,2015,0.1121,23111171.98,6.8495,206165.67332738623,High,High,Low
241,Chile,2016,0.1099,22608339.32,5.4902,205717.37324840765,High,High,Low
242,Chile,2017,0.1103,22558436.95,4.4555,204518.92067089755,Mid,High,Low
243,Chile,2018,0.1061,24567644.69,4.2793,231551.78784165884,Mid,High,Low
244,Chile,2019,0.1016,22770272.95,4.4077,224116.8597440945,Mid,High,Low
245,Chile,2020,0.0991,21954399.97,4.5919,221537.84026236125,Mid,High,Low
246,Chile,2021,0.1044,21821841.96,4.8582,209021.47471264369,Mid,High,Low
248,Colombia,1961,0.3071,23525569.83,0.4789,76605.56766525561,Mid,Mid,Mid
249,Colombia,1962,0.2979,25506472.84,0.8329,85620.92259147365,Mid,Mid,Mid
250,Colombia,1963,0.2901,23333272.58,0.7622,80431.82550844534,Mid,Mid,Mid
251,Colombia,1964,0.2816,25484904.91,1.1054,90500.3725497159,Mid,Mid,Mid
252,Colombia,1965,0.274,24497647.630000003,0.937,89407.47310218979,Mid,Mid,Mid
253,Colombia,1966,0.2669,25155372.560000002,0.931,94250.17819408019,Mid,Mid,Mid
254,Colombia,1967,0.2597,25695508.78,0.9786,98943.04497497113,Mid,Mid,Mid
255,Colombia,1968,0.2529,26678527.92,1.1035,105490.4227758007,Mid,Mid,Mid
256,Colombia,1969,0.2467,27027484.92,1.1305,109556.0799351439,Mid,Mid,Mid
257,Colombia,1970,0.2406,27173179.87,1.3226,112939.2347049044,Mid,Mid,Mid
258,Colombia,1971,0.2361,29009371.42,1.6277,122869.0022024566,Mid,Mid,Mid
259,Colombia,1972,0.2314,31114680.61,2.2695,134462.75112359552,Mid,Mid,Mid
260,Colombia,1973,0.227,32014602.28,2.6173,141033.49022026433,Mid,Mid,Mid
261,Colombia,1974,0.2227,34031067.68,2.5548,152811.26035024697,Mid,Mid,Mid
262,Colombia,1975,0.2186,38625935.56,2.3175,176696.8689844465,Mid,Mid,Mid
263,Colombia,1976,0.2145,39838502.53,2.9721,185727.2845221445,Mid,Mid,Mid
264,Colombia,1977,0.2105,39604098.510000005,2.9983,188142.9857957245,Mid,Mid,Mid
265,Colombia,1978,0.2064,43394495.11,2.7848,210244.64685077517,Mid,High,Mid
266,Colombia,1979,0.2024,45347529.45,3.1445,224049.05854743085,Mid,High,Mid
267,Colombia,1980,0.1983,47269506.120000005,3.1482,238373.70711043876,Mid,High,Mid
268,Colombia,1981,0.1944,45333006.4,2.9775,233194.47736625516,Mid,High,Mid
269,Colombia,1982,0.1906,44683056.489999995,3.1107,234433.6646904512,Mid,High,Mid
270,Colombia,1983,0.1868,45858255.1,3.2765,245493.87098501073,Mid,High,Mid
271,Colombia,1984,0.1832,45573247.2,3.7685,248762.26637554588,Mid,High,Mid
272,Colombia,1985,0.1799,47319985.84,3.8332,263034.94074485824,Mid,High,Mid
273,Colombia,1986,0.1767,47735801.81,4.6729,270151.6797396718,Mid,High,Low
274,Colombia,1987,0.1738,48792747.29,5.1012,280740.7784234752,High,High,Low
275,Colombia,1988,0.1664,50960455.97,5.449,306252.7402043269,High,High,Low
276,Colombia,1989,0.1598,53118105.98,5.5989,332403.66695869836,High,High,Low
277,Colombia,1990,0.1534,56095975.339999996,6.4921,365684.3242503259,High,High,Low
278,Colombia,1991,0.1443,56179842.19,6.2235,389326.69570339564,High,High,Low
279,Colombia,1992,0.1444,57531862.78,5.3178,398420.10235457064,High,High,Low
280,Colombia,1993,0.1392,60148078.25,5.2449,432098.2632902299,High,High,Low
281,Colombia,1994,0.1355,61010821.55,5.2637,450264.3656826568,High,High,Low
282,Colombia,1995,0.1232,62942799.129999995,5.0263,510899.34358766227,Mid,High,Low
283,Colombia,1996,0.1118,66180354.419999994,4.9139,591953.0806797852,Mid,High,Low
284,Colombia,1997,0.1142,67496840.71000001,5.5218,591040.6366900175,High,High,Low
285,Colombia,1998,0.1154,64639422.63,6.1798,560133.6449740034,High,High,Low
286,Colombia,1999,0.1131,66598728.949999996,6.2423,588848.1781609195,High,High,Low
287,Colombia,2000,0.1159,67678161.10000001,6.9606,583935.8162208801,High,High,Low
288,Colombia,2001,0.1038,67908712.51,6.2752,654226.5174373797,High,High,Low
289,Colombia,2002,0.0924,72536130.34,7.4686,785023.0556277056,High,High,Low
290,Colombia,2003,0.0913,76283618.32000001,7.7908,835527.0352683462,High,High,Low
291,Colombia,2004,0.089,78576563.22,7.8767,882882.7328089888,High,High,Low
292,Colombia,2005,0.0856,77566940.75,7.1921,906155.8498831776,High,High,Low
293,Colombia,2006,0.0788,75757549.50999999,7.1852,961390.2222081219,High,High,Low
294,Colombia,2007,0.0824,75008441.88,7.402,910296.6247572815,High,High,Low
295,Colombia,2008,0.079,72837546.58,7.0563,921994.260506329,High,High,Low
296,Colombia,2009,0.0757,76040634.91,7.6533,1004499.8006605018,High,High,Low
297,Colombia,2010,0.0748,71059306.8,8.421,949990.7326203206,High,High,Low
298,Colombia,2011,0.0752,74499416.98,9.2165,990683.7364361703,High,High,Low
299,Colombia,2012,0.0754,74794511.2,8.7864,991969.6445623344,High,High,Low
300,Colombia,2013,0.0746,78633712.98,8.0753,1054071.2195710458,High,High,Low
301,Colombia,2014,0.0762,82346084.09,9.6436,1080657.2715223096,High,High,Low
302,Colombia,2015,0.0778,82432280.33,9.7556,1059540.878277635,High,High,Low
303,Colombia,2016,0.0792,81708042.07000001,9.0185,1031667.1978535354,High,High,Low
304,Colombia,2017,0.0802,71667503.64,11.0867,893609.7710723192,High,High,Low
305,Colombia,2018,0.0903,82866391.12,10.2094,917678.7499446289,High,High,Low
306,Colombia,2019,0.092,84428790.53,9.6209,917704.2448913043,High,High,Low
307,Colombia,2020,0.0924,85278830.75,10.9939,922931.0687229437,High,High,Low
308,Colombia,2021,0.0931,84979423.37,10.1904,912775.7612244898,High,High,Low
310,Ecuador,1961,0.5283,11631625.49,0.0961,22017.084024228658,Low,Mid,High
311,Ecuador,1962,0.5132,11583401.96,0.1278,22570.93133281372,Low,Mid,High
312,Ecuador,1963,0.5006,12499189.25,0.1621,24968.416400319613,Low,Mid,High
313,Ecuador,1964,0.4862,14924391.120000001,0.1033,30695.991608391607,Low,Mid,High
314,Ecuador,1965,0.474,15770939.219999999,0.1019,33272.023670886076,Low,Mid,Mid
315,Ecuador,1966,0.4604,15923194.6,0.1393,34585.56602953953,Low,Mid,Mid
316,Ecuador,1967,0.4489,14493062.059999999,0.5607,32285.725239474265,Mid,Mid,Mid
317,Ecuador,1968,0.4351,16653251.83,0.7604,38274.53879567916,Mid,Mid,Mid
318,Ecuador,1969,0.4244,14505475.07,0.4457,34178.78197455231,Mid,Mid,Mid
319,Ecuador,1970,0.414,13970741.04,0.375,33745.751304347825,Mid,Mid,Mid
320,Ecuador,1971,0.4039,13503315.219999999,0.1791,33432.32290170834,Low,Mid,Mid
321,Ecuador,1972,0.3941,12656895.4,0.4164,32115.948743973615,Mid,Mid,Mid
322,Ecuador,1973,0.3846,12574713.9,0.5976,32695.563962558503,Mid,Mid,Mid
323,Ecuador,1974,0.3775,14198221.76,0.4609,37611.18347019867,Mid,Mid,Mid
324,Ecuador,1975,0.3638,15241866.6,0.2821,41896.27982407916,Mid,Mid,Mid
325,Ecuador,1976,0.3498,13548677.32,1.0307,38732.63956546598,Mid,Mid,Mid
326,Ecuador,1977,0.3377,15389127.08,1.213,45570.40888362452,Mid,Mid,Mid
327,Ecuador,1978,0.3248,14425679.190000001,0.8405,44414.03691502463,Mid,Mid,Mid
328,Ecuador,1979,0.3143,13995392.57,0.9022,44528.770505886096,Mid,Mid,Mid
329,Ecuador,1980,0.3026,14735359.14,0.8474,48695.8332452082,Mid,Mid,Mid
330,Ecuador,1981,0.3043,14410268.58,0.7246,47355.46690765691,Mid,Mid,Mid
331,Ecuador,1982,0.2963,13454632.36,0.6913,45408.81660479244,Mid,Mid,Mid
332,Ecuador,1983,0.295,12411552.969999999,0.9786,42073.06091525424,Mid,Mid,Mid
333,Ecuador,1984,0.2942,13235303.629999999,0.8953,44987.4358599592,Mid,Mid,Mid
334,Ecuador,1985,0.2939,13012883.67,0.9003,44276.56913916298,Mid,Mid,Mid
335,Ecuador,1986,0.2929,13865751.370000001,0.6471,47339.54035507,Mid,Mid,Mid
336,Ecuador,1987,0.2915,14482332.030000001,0.5778,49682.0995883362,Mid,Mid,Mid
337,Ecuador,1988,0.2861,14808479.67,0.6663,51759.803110800414,Mid,Mid,Mid
338,Ecuador,1989,0.2794,15801578.46,0.9537,56555.39892627059,Mid,Mid,Mid
339,Ecuador,1990,0.2799,16261306.67,0.8208,58096.84412290104,Mid,Mid,Mid
340,Ecuador,1991,0.2803,16214522.780000001,0.9307,57847.030966821265,Mid,Mid,Mid
341,Ecuador,1992,0.2767,15448642.26,0.8891,55831.739284423566,Mid,Mid,Mid
342,Ecuador,1993,0.2671,16491620.65,1.0203,61743.244664919504,Mid,Mid,Mid
343,Ecuador,1994,0.2675,17448678.89,0.9994,65228.706130841114,Mid,Mid,Mid
344,Ecuador,1995,0.2596,17463929.0,1.166,67272.45377503852,Mid,Mid,Mid
345,Ecuador,1996,0.254,18427933.55,1.3534,72550.91948818899,Mid,Mid,Mid
346,Ecuador,1997,0.2506,19327410.64,1.8864,77124.54365522746,Mid,Mid,Mid
347,Ecuador,1998,0.2462,21383897.33,1.8344,86855.79744110479,Mid,Mid,Mid
348,Ecuador,1999,0.2401,21380476.85,1.4533,89048.21678467306,Mid,Mid,Mid
349,Ecuador,2000,0.2359,19905761.88,1.4908,84382.20381517592,Mid,Mid,Mid
350,Ecuador,2001,0.218,21653271.03,4.7133,99326.93133027523,Mid,Mid,Mid
351,Ecuador,2002,0.1989,20292498.06,2.7549,102023.62021116138,Mid,Mid,Mid
352,Ecuador,2003,0.187,21737228.11,2.4956,116241.86155080215,Mid,Mid,Mid
353,Ecuador,2004,0.1864,23062061.82,2.8241,123723.50761802575,Mid,Mid,Mid
354,Ecuador,2005,0.1823,23585961.15,2.4213,129379.92951179374,Mid,Mid,Mid
355,Ecuador,2006,0.1746,23993378.240000002,2.6291,137419.1193585338,Mid,Mid,Low
356,Ecuador,2007,0.1695,25911074.77,2.4604,152867.69775811207,Mid,Mid,Low
357,Ecuador,2008,0.1725,27812520.62,3.2561,161232.00359420292,Mid,Mid,Low
358,Ecuador,2009,0.1729,28278391.89,3.1495,163553.45222672063,Mid,Mid,Low
359,Ecuador,2010,0.172,29478685.36,3.3126,171387.70558139536,Mid,Mid,Low
360,Ecuador,2011,0.1664,28288444.27,3.7184,170002.66989182692,Mid,Mid,Low
361,Ecuador,2012,0.1635,27817086.080000002,3.6007,170135.08305810398,Mid,Mid,Low
362,Ecuador,2013,0.1694,26440013.81,3.362,156080.36487603307,Mid,Mid,Low
363,Ecuador,2014,0.1496,30197143.26,3.6113,201852.5618983957,Mid,Mid,Low
364,Ecuador,2015,0.1575,33249881.48,2.8862,211110.35860317462,Mid,High,Low
365,Ecuador,2016,0.1469,29109816.77,4.0901,198160.76766507828,Mid,Mid,Low
366,Ecuador,2017,0.1476,29937318.27,4.1767,202827.3595528455,Mid,Mid,Low
367,Ecuador,2018,0.1383,27533957.99,4.5791,199088.63333333333,Mid,Mid,Low
368,Ecuador,2019,0.1401,28881109.52,4.3353,206146.3920057102,Mid,High,Low
369,Ecuador,2020,0.1411,30239251.419999998,4.3353,214310.78256555632,Mid,High,Low
370,Ecuador,2021,0.1375,31831582.08,4.3353,231502.4151272727,Mid,High,Low
389,French Guiana,1978,0.0649,27863.37,0.0021,429.32773497688754,Low,Low,Low
390,French Guiana,1979,0.0623,29824.82,0.0021,478.7290529695024,Low,Low,Low
391,French Guiana,1980,0.0599,32114.41,0.0021,536.1337228714524,Low,Low,Low
392,French Guiana,1981,0.0574,31564.059999999998,0.0042,549.8965156794425,Low,Low,Low
393,French Guiana,1982,0.0684,32170.39,0.0047,470.3273391812865,Low,Low,Low
394,French Guiana,1983,0.0647,40035.08,0.008,618.7802163833077,Low,Low,Low
395,French Guiana,1984,0.061,38323.74,0.0083,628.2580327868852,Low,Low,Low
396,French Guiana,1985,0.0575,42773.49,0.0079,743.8867826086955,Low,Low,Low
397,French Guiana,1986,0.0651,44306.21,0.0107,680.5869431643624,Low,Low,Low
398,French Guiana,1987,0.0615,41380.51,0.0104,672.8538211382114,Low,Low,Low
399,French Guiana,1988,0.0776,49557.47,0.0111,638.6271907216495,Low,Low,Low
400,French Guiana,1989,0.1011,68268.99,0.0062,675.2620178041543,Low,Low,Low
401,French Guiana,1990,0.1053,75874.98,0.0146,720.5601139601139,Low,Low,Low
402,French Guiana,1991,0.1013,87402.0,0.0187,862.8035538005923,Low,Low,Low
403,French Guiana,1992,0.0976,83240.0,0.0125,852.8688524590162,Low,Low,Low
404,French Guiana,1993,0.102,92794.0,0.0125,909.7450980392157,Low,Low,Low
405,French Guiana,1994,0.0983,94234.0,0.0208,958.6368260427263,Low,Low,Low
406,French Guiana,1995,0.0948,84801.0,0.0208,894.5253164556963,Low,Low,Low
407,French Guiana,1996,0.0914,95336.0,0.0208,1043.0634573304158,Low,Low,Low
408,French Guiana,1997,0.0882,90122.0,0.0208,1021.7913832199547,Low,Low,Low
409,French Guiana,1998,0.0852,92211.0,0.0083,1082.2887323943662,Low,Low,Low
410,French Guiana,1999,0.0759,86490.0,0.0083,1139.5256916996047,Low,Low,Low
411,French Guiana,2000,0.0974,86463.0,0.0083,887.7104722792607,Low,Low,Low
412,French Guiana,2001,0.0933,96903.0,0.0083,1038.6173633440517,Low,Low,Low
413,French Guiana,2002,0.0895,87077.0,0.0111,972.927374301676,Low,Low,Low
414,French Guiana,2003,0.0859,91134.0,0.0124,1060.9313154831198,Low,Low,Low
415,French Guiana,2004,0.0826,94173.0,0.0135,1140.1089588377724,Low,Low,Low
416,French Guiana,2005,0.0795,92168.0,0.0112,1159.3459119496856,Low,Low,Low
417,French Guiana,2006,0.0799,96277.0,0.0124,1204.9687108886108,Low,Low,Low
434,Guyana,1961,0.6116,4456997.359999999,0.0954,7287.43845650752,Low,Low,High
435,Guyana,1962,0.5952,4507815.62,0.1051,7573.61495295699,Low,Low,High
436,Guyana,1963,0.58,4224032.34,0.1069,7282.8143793103445,Low,Low,High
437,Guyana,1964,0.5661,3886568.23,0.0942,6865.515332980038,Low,Low,High
438,Guyana,1965,0.5537,4301992.640000001,0.1258,7769.5370055987005,Low,Low,High
439,Guyana,1966,0.5503,4249773.8100000005,0.1042,7722.649118662549,Low,Low,High
440,Guyana,1967,0.5407,4684089.359999999,0.1293,8663.0097281302,Low,Low,High
441,Guyana,1968,0.5351,4354280.1,0.1171,8137.320313960007,Low,Low,High
442,Guyana,1969,0.5274,5072193.6,0.1413,9617.356086461888,Low,Low,High
443,Guyana,1970,0.5275,4605297.5,0.1361,8730.421800947866,Low,Low,High
444,Guyana,1971,0.5211,5225655.6,0.1537,10028.124352331606,Low,Low,High
445,Guyana,1972,0.5194,4450906.5,0.1935,8569.323257604929,Low,Low,High
446,Guyana,1973,0.5165,4066448.54,0.1928,7873.085266214908,Low,Low,High
447,Guyana,1974,0.511,5009656.5,0.2332,9803.633072407045,Mid,Low,High
448,Guyana,1975,0.5083,4515422.62,0.1604,8883.381113515641,Low,Low,High
449,Guyana,1976,0.5054,4870537.9399999995,0.1256,9636.996319746735,Low,Low,High
450,Guyana,1977,0.5027,4192698.0700000003,0.1055,8340.358205689277,Low,Low,High
451,Guyana,1978,0.5004,5239596.9,0.243,10470.817146282976,Mid,Low,High
452,Guyana,1979,0.499,4765826.97,0.1358,9550.755450901805,Low,Low,High
453,Guyana,1980,0.499,4698049.07,0.0887,9414.927995991984,Low,Low,High
454,Guyana,1981,0.5005,5064425.21,0.194,10118.731688311691,Low,Low,High
455,Guyana,1982,0.5029,4793180.390000001,0.1911,9531.080513024459,Low,Low,High
456,Guyana,1983,0.5061,4277412.640000001,0.1991,8451.71436475005,Mid,Low,High
457,Guyana,1984,0.5139,4056737.86,0.2017,7894.021910877602,Mid,Low,High
458,Guyana,1985,0.5185,4080692.5,0.1522,7870.188042430088,Low,Low,High
459,Guyana,1986,0.5264,4213164.93,0.259,8003.732769756839,Mid,Low,High
460,Guyana,1987,0.5321,3914774.5300000003,0.1666,7357.215805299756,Low,Low,High
461,Guyana,1988,0.5383,3644518.55,0.2207,6770.422719673044,Mid,Low,High
462,Guyana,1989,0.5474,3220530.11,0.2499,5883.321355498721,Mid,Low,High
463,Guyana,1990,0.5541,3236271.86,0.1666,5840.591698249413,Low,Low,High
464,Guyana,1991,0.5589,3632906.63,0.2707,6500.101324029344,Mid,Low,High
465,Guyana,1992,0.5607,3943022.99,0.2186,7032.322079543429,Mid,Low,High
466,Guyana,1993,0.5616,3959809.2,0.2082,7050.9423076923085,Mid,Low,High
467,Guyana,1994,0.5623,4118052.6300000004,0.1687,7323.586395162724,Low,Low,High
468,Guyana,1995,0.5658,4357763.16,0.2499,7701.949734888654,Mid,Low,High
469,Guyana,1996,0.5682,4462717.29,0.227,7854.131098204856,Mid,Low,High
470,Guyana,1997,0.5695,4387770.09,0.291,7704.600684811237,Mid,Low,High
471,Guyana,1998,0.5708,4116712.0700000003,0.2873,7212.17951997197,Mid,Low,High
472,Guyana,1999,0.5723,4541600.49,0.3234,7935.698916652104,Mid,Low,High
473,Guyana,2000,0.5753,3921591.41,0.2236,6816.602485659655,Mid,Low,High
474,Guyana,2001,0.5798,4362690.86,0.2332,7524.475439806832,Mid,Low,High
475,Guyana,2002,0.5819,4893897.79,0.2834,8410.204141605087,Mid,Low,High
476,Guyana,2003,0.5841,4645443.81,0.2003,7953.165228556754,Mid,Low,High
477,Guyana,2004,0.5867,4984292.71,0.398,8495.47078575081,Mid,Low,High
478,Guyana,2005,0.5897,4064158.4499999997,0.1287,6891.90851280312,Low,Low,High
479,Guyana,2006,0.5907,4118363.64,0.1728,6972.005485017777,Low,Low,High
480,Guyana,2007,0.5922,4211796.2299999995,0.1325,7112.117916244512,Low,Low,High
481,Guyana,2008,0.594,3874770.23,0.3802,6523.182205387206,Mid,Low,High
482,Guyana,2009,0.5963,3975710.25,0.1396,6667.298759013919,Low,Low,High
483,Guyana,2010,0.599,3976120.5999999996,0.2943,6637.930884808014,Mid,Low,High
484,Guyana,2011,0.602,4459863.25,0.1327,7408.410714285715,Low,Low,High
485,Guyana,2012,0.6022,3965726.46,0.2355,6585.397641979409,Mid,Low,High
486,Guyana,2013,0.5994,3857736.35,0.3455,6435.996579913246,Mid,Low,High
487,Guyana,2014,0.5964,4558291.7700000005,0.2974,7643.0110160965805,Mid,Low,High
488,Guyana,2015,0.5934,4903309.239999999,0.4013,8263.07590158409,Mid,Low,High
489,Guyana,2016,0.5902,4126266.83,0.2314,6991.302660115217,Mid,Low,High
490,Guyana,2017,0.587,3768285.36,0.1664,6419.566201022147,Low,Low,High
491,Guyana,2018,0.5703,3198571.0900000003,0.4118,5608.576345782922,Mid,Low,High
492,Guyana,2019,0.5609,3123264.48,0.4451,5568.308932073453,Mid,Low,High
493,Guyana,2020,0.562,3251515.56,0.3638,5785.6148754448395,Mid,Low,High
494,Guyana,2021,0.5581,3099787.0100000002,0.4206,5554.17848055904,Mid,Low,High
496,Paraguay,1961,0.4178,2974168.91,0.001,7118.642675921495,Low,Low,Mid
497,Paraguay,1962,0.4132,3091081.73,0.0021,7480.836713455953,Low,Low,Mid
498,Paraguay,1963,0.4119,3225507.55,0.0021,7830.802500606943,Low,Low,Mid
499,Paraguay,1964,0.4171,4112083.6,0.0059,9858.74754255574,Low,Low,Mid
500,Paraguay,1965,0.4176,4336869.79,0.0056,10385.224592911876,Low,Low,Mid
501,Paraguay,1966,0.419,4189345.87,0.0058,9998.438830548926,Low,Low,Mid
502,Paraguay,1967,0.4091,4316730.97,0.0062,10551.7745538988,Low,Low,Mid
503,Paraguay,1968,0.3979,4093594.86,0.0083,10287.999145513948,Low,Low,Mid
504,Paraguay,1969,0.3889,4288520.89,0.0104,11027.310079712008,Low,Low,Mid
505,Paraguay,1970,0.3803,5134802.71,0.0511,13501.97925322114,Low,Mid,Mid
506,Paraguay,1971,0.3718,4913522.22,0.0258,13215.498171059708,Low,Mid,Mid
507,Paraguay,1972,0.3633,4522384.73,0.0302,12448.07247453895,Low,Low,Mid
508,Paraguay,1973,0.3542,4561233.96,0.0208,12877.566233766232,Low,Mid,Mid
509,Paraguay,1974,0.3893,5243773.19,0.0139,13469.748754174161,Low,Mid,Mid
510,Paraguay,1975,0.424,5085348.89,0.0062,11993.747382075471,Low,Low,Mid
511,Paraguay,1976,0.4568,5547888.92,0.0104,12145.11584938704,Low,Low,Mid
512,Paraguay,1977,0.4841,6370548.59,0.0062,13159.571555463746,Low,Mid,High
513,Paraguay,1978,0.5133,6503091.37,0.0167,12669.182485875706,Low,Mid,High
514,Paraguay,1979,0.5371,6749970.0,0.0227,12567.436231614225,Low,Mid,High
515,Paraguay,1980,0.5622,7004002.72,0.0281,12458.204766986835,Low,Mid,High
516,Paraguay,1981,0.587,8054251.7700000005,0.0472,13721.042197614994,Low,Mid,High
517,Paraguay,1982,0.5815,8835799.77,0.0416,15194.84053310404,Low,Mid,High
518,Paraguay,1983,0.5776,9034884.98,0.0354,15642.113885041552,Low,Mid,High
519,Paraguay,1984,0.5733,9750857.11,0.0271,17008.29776731205,Low,Mid,High
520,Paraguay,1985,0.5671,10576135.39,0.072,18649.506947628284,Low,Mid,High
521,Paraguay,1986,0.5662,9912223.76,0.0791,17506.576757329563,Low,Mid,High
522,Paraguay,1987,0.5594,10801228.6,0.0396,19308.59599570969,Low,Mid,High
523,Paraguay,1988,0.553,12193871.77,0.0457,22050.401030741406,Low,Mid,High
524,Paraguay,1989,0.5484,12922085.34,0.0725,23563.248249452954,Low,Mid,High
525,Paraguay,1990,0.5443,12185905.42,0.0761,22388.214991732497,Low,Mid,High
526,Paraguay,1991,0.5362,10757763.87,0.0903,20062.96879895561,Low,Mid,High
527,Paraguay,1992,0.5615,10628744.95,0.1001,18929.19848619768,Low,Mid,High
528,Paraguay,1993,0.5479,11521397.459999999,0.2061,21028.285198028832,Mid,Mid,High
529,Paraguay,1994,0.5681,11375123.2,0.2061,20023.10015842281,Mid,Mid,High
530,Paraguay,1995,0.5858,12537228.959999999,0.2082,21401.893069306927,Mid,Mid,High
531,Paraguay,1996,0.5723,12408561.58,0.2915,21681.91784029355,Mid,Mid,High
532,Paraguay,1997,0.5597,13178965.0,0.3123,23546.480257280688,Mid,Mid,High
533,Paraguay,1998,0.598,13597318.1,0.4262,22737.990133779265,Mid,Mid,High
534,Paraguay,1999,0.6071,13352276.69,0.3862,21993.53762147916,Mid,Mid,High
535,Paraguay,2000,0.607,12120525.29,0.381,19967.916457990115,Mid,Mid,High
536,Paraguay,2001,0.6159,14568719.35,0.4602,23654.358418574444,Mid,Mid,High
537,Paraguay,2002,0.6267,15546158.73,0.7274,24806.380612733366,Mid,Mid,High
538,Paraguay,2003,0.6334,17523766.79,0.8675,27666.193227028733,Mid,Mid,High
539,Paraguay,2004,0.6383,18637988.76,1.0561,29199.41839260536,Mid,Mid,High
540,Paraguay,2005,0.644,17269936.43,0.8724,26816.671475155275,Mid,Mid,High
541,Paraguay,2006,0.6506,18008221.73,0.9972,27679.406286504767,Mid,Mid,High
542,Paraguay,2007,0.6535,21579302.51,1.5999,33021.12090283092,Mid,Mid,High
543,Paraguay,2008,0.6797,20536460.080000002,1.2241,30214.00629689569,Mid,Mid,High
544,Paraguay,2009,0.6615,17955949.69,1.2265,27144.292804232806,Mid,Mid,High
545,Paraguay,2010,0.6664,24062195.92,1.6994,36107.73697478992,Mid,Mid,High
546,Paraguay,2011,0.6692,25239182.310000002,2.0943,37715.4547369994,Mid,Mid,High
547,Paraguay,2012,0.6722,18768512.2,2.0317,27921.02380243975,Mid,Mid,High
548,Paraguay,2013,0.6746,27776906.12,2.4033,41175.37225022235,Mid,Mid,High
549,Paraguay,2014,0.6765,28526630.86,2.8009,42167.96875092387,Mid,Mid,High
550,Paraguay,2015,0.6762,30094086.85,2.5415,44504.712880804494,Mid,Mid,High
551,Paraguay,2016,0.6758,30580756.39,2.5035,45251.19323764428,Mid,Mid,High
552,Paraguay,2017,0.6754,31868827.49,2.786,47185.11621261475,Mid,Mid,High
553,Paraguay,2018,0.6755,31861757.47,2.7714,47167.66464840859,Mid,Mid,High
554,Paraguay,2019,0.6759,30173133.919999998,2.5563,44641.41725107264,Mid,Mid,High
555,Paraguay,2020,0.6756,34727115.69,2.946,51401.88823268206,Mid,Mid,High
556,Paraguay,2021,0.6756,31828970.15,3.2675,47112.1523830669,Mid,Mid,High
558,Peru,1961,0.1867,15465616.14,1.1307,82836.72276379218,Mid,Mid,Mid
559,Peru,1962,0.1945,15653127.53,1.4783,80478.804781491,Mid,Mid,Mid
560,Peru,1963,0.2339,16017793.18,1.4575,68481.3731509192,Mid,Mid,Mid
561,Peru,1964,0.2288,16456019.69,1.2587,71923.16298076924,Mid,Mid,Mid
562,Peru,1965,0.2292,16653327.27,1.3358,72658.49594240838,Mid,Mid,Mid
563,Peru,1966,0.2164,18275242.17,0.837,84451.21150646951,Mid,Mid,Mid
564,Peru,1967,0.211,17870042.0,1.2764,84692.1421800948,Mid,Mid,Mid
565,Peru,1968,0.2087,16519206.26,1.2163,79152.88097747964,Mid,Mid,Mid
566,Peru,1969,0.2058,16511558.23,1.4148,80231.08955296403,Mid,Mid,Mid
567,Peru,1970,0.2074,18474220.28,1.3805,89075.31475409836,Mid,Mid,Mid
568,Peru,1971,0.2028,19468326.94,1.4921,95997.66735700198,Mid,Mid,Mid
569,Peru,1972,0.2404,19112556.21,2.0871,79503.14563227954,Mid,Mid,Mid
570,Peru,1973,0.2391,19321316.08,1.676,80808.51560016727,Mid,Mid,Mid
571,Peru,1974,0.2379,20055161.38,2.3703,84300.80445565363,Mid,Mid,Mid
572,Peru,1975,0.2367,19719743.62,1.7396,83311.12640473174,Mid,Mid,Mid
573,Peru,1976,0.2356,19564367.12,2.0881,83040.60747028864,Mid,Mid,Mid
574,Peru,1977,0.2343,19645547.529999997,2.2303,83847.83410157915,Mid,Mid,Mid
575,Peru,1978,0.2329,18353843.15,2.1624,78805.68119364533,Mid,Mid,Mid
576,Peru,1979,0.2314,17539969.56,1.8413,75799.34987035436,Mid,Mid,Mid
577,Peru,1980,0.2299,15458112.0,1.7658,67238.41670291431,Mid,Mid,Mid
578,Peru,1981,0.2283,16041272.84,2.0944,70264.00718353044,Mid,Mid,Mid
579,Peru,1982,0.2268,17772862.75,1.4983,78363.59237213404,Mid,Mid,Mid
580,Peru,1983,0.2253,16289005.86,1.1009,72299.182689747,Mid,Mid,Mid
581,Peru,1984,0.2237,18241073.26,1.1492,81542.57156906571,Mid,Mid,Mid
582,Peru,1985,0.2222,18779992.53,0.9957,84518.41822682267,Mid,Mid,Mid
583,Peru,1986,0.2207,18281622.48,2.6627,82834.71898504758,Mid,Mid,Mid
584,Peru,1987,0.2193,18900966.54,3.322,86187.71792065662,Mid,Mid,Mid
585,Peru,1988,0.2179,19285102.61,3.2982,88504.37177604405,Mid,Mid,Mid
586,Peru,1989,0.2164,19278891.35,2.3561,89089.14671903882,Mid,Mid,Mid
587,Peru,1990,0.215,17008479.26,1.7532,79109.20586046512,Mid,Mid,Mid
588,Peru,1991,0.2137,17207318.6,1.221,80520.91062236781,Mid,Mid,Mid
589,Peru,1992,0.2126,15130541.620000001,1.3519,71169.05747883349,Mid,Mid,Mid
590,Peru,1993,0.2115,16012310.69,2.0488,75708.32477541371,Mid,Mid,Mid
591,Peru,1994,0.2104,18778867.09,2.3008,89253.17057984791,Mid,Mid,Mid
592,Peru,1995,0.2069,20859934.58,2.6901,100821.33678105363,Mid,Mid,Mid
593,Peru,1996,0.2035,21702540.3,2.7713,106646.3896805897,Mid,Mid,Mid
594,Peru,1997,0.2003,23135749.169999998,3.117,115505.48761857214,Mid,Mid,Mid
595,Peru,1998,0.1973,22068535.52,3.5438,111852.68890015206,Mid,Mid,Mid
596,Peru,1999,0.1944,24297596.57,3.4995,124987.63667695475,Mid,Mid,Mid
597,Peru,2000,0.1919,25993398.97,3.9585,135452.83465346534,Mid,Mid,Mid
598,Peru,2001,0.1898,25993440.29,4.1407,136951.74020021074,Mid,Mid,Mid
599,Peru,2002,0.188,28269708.4,4.3846,150370.78936170213,Mid,Mid,Mid
600,Peru,2003,0.1865,29153834.14,4.2495,156320.82648793564,Mid,Mid,Mid
601,Peru,2004,0.1851,26918498.29,4.3858,145426.78708806052,Mid,Mid,Mid
602,Peru,2005,0.1838,27529647.84,3.7541,149780.45614798696,Mid,Mid,Mid
603,Peru,2006,0.1827,29263345.81,4.2276,160171.56984126984,Mid,Mid,Mid
604,Peru,2007,0.1818,30878515.81,5.1368,169848.8218371837,High,Mid,Mid
605,Peru,2008,0.1809,34111182.21,4.2281,188563.74908789384,Mid,Mid,Mid
606,Peru,2009,0.18,35294715.1,5.4528,196081.75055555557,High,Mid,Mid
607,Peru,2010,0.179,36091936.87,4.652,201630.93223463686,Mid,Mid,Low
608,Peru,2011,0.1779,36688672.48,5.2312,206231.99820123662,High,High,Low
609,Peru,2012,0.1767,39179120.51,5.5457,221726.7714204867,High,High,Low
610,Peru,2013,0.1781,40618101.730000004,5.268,228063.45721504773,High,High,Low
611,Peru,2014,0.1793,41465001.519999996,5.2015,231260.46581148912,High,High,Low
612,Peru,2015,0.192,40844468.24,5.8743,212731.60541666666,High,High,Mid
613,Peru,2016,0.1813,41495185.339999996,6.0241,228875.81544401543,High,High,Mid
614,Peru,2017,0.1809,40667105.17,6.8725,224804.34035378663,High,High,Mid
615,Peru,2018,0.1832,43776383.26,5.123,238954.05709606985,High,High,Mid
616,Peru,2019,0.173,44913647.75,6.8694,259616.46098265896,High,High,Low
617,Peru,2020,0.1861,44764160.61,6.4932,240538.20854379368,High,High,Mid
618,Peru,2021,0.1992,45621268.56,6.8957,229022.4325301205,High,High,Mid
620,Suriname,1961,0.1259,270626.67,0.014,2149.5366957903093,Low,Low,Low
621,Suriname,1962,0.1249,311420.26,0.0157,2493.35676541233,Low,Low,Low
622,Suriname,1963,0.1169,346236.41000000003,0.0199,2961.817023096664,Low,Low,Low
623,Suriname,1964,0.1257,318653.86,0.0216,2535.0346857597456,Low,Low,Low
624,Suriname,1965,0.1184,444410.32999999996,0.0241,3753.4656249999994,Low,Low,Low
625,Suriname,1966,0.1114,466686.31,0.025,4189.284649910233,Low,Low,Low
626,Suriname,1967,0.1048,490216.54000000004,0.0312,4677.6387404580155,Low,Low,Low
627,Suriname,1968,0.1013,484275.11,0.0312,4780.603257650543,Low,Low,Low
628,Suriname,1969,0.1034,469554.22,0.0312,4541.14332688588,Low,Low,Low
629,Suriname,1970,0.1,491821.52,0.041,4918.2152,Low,Low,Low
630,Suriname,1971,0.1046,455341.81999999995,0.0677,4353.172275334608,Low,Low,Low
631,Suriname,1972,0.1031,453406.6,0.0729,4397.736178467507,Low,Low,Low
632,Suriname,1973,0.1085,440419.12,0.0757,4059.1623963133643,Low,Low,Low
633,Suriname,1974,0.109,421768.1,0.0843,3869.432110091743,Low,Low,Low
634,Suriname,1975,0.1097,453584.45999999996,0.0521,4134.771741112124,Low,Low,Low
635,Suriname,1976,0.1105,442761.9,0.0708,4006.8950226244347,Low,Low,Low
636,Suriname,1977,0.114,456124.42,0.077,4001.0914035087717,Low,Low,Low
637,Suriname,1978,0.1152,470419.14,0.0729,4083.499479166667,Low,Low,Low
638,Suriname,1979,0.1192,539897.4099999999,0.0396,4529.340687919463,Low,Low,Low
639,Suriname,1980,0.1306,545398.16,0.025,4176.09617151608,Low,Low,Low
640,Suriname,1981,0.1383,585304.55,0.1124,4232.1370209689085,Low,Low,Low
641,Suriname,1982,0.1458,583650.47,0.1478,4003.08964334705,Low,Low,Low
642,Suriname,1983,0.1502,552814.25,0.148,3680.5209720372836,Low,Low,Low
643,Suriname,1984,0.1542,602579.84,0.2189,3907.7810635538262,Mid,Low,Low
644,Suriname,1985,0.1601,600980.4500000001,0.1566,3753.781698938164,Low,Low,Low
645,Suriname,1986,0.1631,575897.81,0.1631,3530.949172286941,Low,Low,Low
646,Suriname,1987,0.1713,489910.25,0.1549,2859.954757734968,Low,Low,Low
647,Suriname,1988,0.1691,482807.31999999995,0.034,2855.1586043761085,Low,Low,Low
648,Suriname,1989,0.1665,500182.97,0.028,3004.1019219219215,Low,Low,Low
649,Suriname,1990,0.1647,441564.22000000003,0.0125,2681.021372191864,Low,Low,Low
650,Suriname,1991,0.1635,495499.67000000004,0.0125,3030.579021406728,Low,Low,Low
651,Suriname,1992,0.1621,527550.09,0.0541,3254.4731030228254,Low,Low,Low
652,Suriname,1993,0.161,484546.32,0.0625,3009.6044720496893,Low,Low,Low
653,Suriname,1994,0.1594,503835.72,0.0833,3160.82634880803,Low,Low,Low
654,Suriname,1995,0.1565,532801.33,0.0833,3404.4813418530352,Low,Low,Low
655,Suriname,1996,0.1532,487615.52,0.1458,3182.868929503916,Low,Low,Low
656,Suriname,1997,0.1479,515373.06,0.1416,3484.6048681541583,Low,Low,Low
657,Suriname,1998,0.1451,415550.04000000004,0.1186,2863.887250172295,Low,Low,Low
658,Suriname,1999,0.1424,443652.25,0.0999,3115.535463483146,Low,Low,Low
659,Suriname,2000,0.1399,452882.07,0.1104,3237.1842030021444,Low,Low,Low
660,Suriname,2001,0.1334,483958.81,0.1062,3627.877136431784,Low,Low,Low
661,Suriname,2002,0.1049,418352.81,0.0815,3988.110676835081,Low,Low,Low
662,Suriname,2003,0.1211,393242.95999999996,0.1165,3247.2581337737406,Low,Low,Low
663,Suriname,2004,0.1156,406260.95999999996,0.1307,3514.368166089965,Low,Low,Low
664,Suriname,2005,0.1065,416882.20999999996,0.0876,3914.3869483568074,Low,Low,Low
665,Suriname,2006,0.1054,497760.47,0.1567,4722.585104364327,Low,Low,Low
666,Suriname,2007,0.0985,513506.73,0.1076,5213.266294416243,Low,Low,Low
667,Suriname,2008,0.0974,525719.78,0.3009,5397.533675564682,Mid,Low,Low
668,Suriname,2009,0.1167,584403.39,0.1575,5007.741131105399,Low,Low,Low
669,Suriname,2010,0.1117,597561.24,0.205,5349.697761862131,Mid,Low,Low
670,Suriname,2011,0.1141,600866.38,0.1924,5266.138299737074,Low,Low,Low
671,Suriname,2012,0.1021,599849.92,0.1263,5875.121645445642,Low,Low,Low
672,Suriname,2013,0.117,658740.96,0.1347,5630.264615384614,Low,Low,Low
673,Suriname,2014,0.1246,623241.1000000001,0.1976,5001.934991974318,Mid,Low,Low
674,Suriname,2015,0.1234,598365.4600000001,0.15,4848.990761750406,Low,Low,Low
675,Suriname,2016,0.1221,608827.8500000001,0.2531,4986.305077805079,Mid,Low,Low
676,Suriname,2017,0.1157,610639.44,0.2585,5277.782541054451,Mid,Low,Low
677,Suriname,2018,0.1145,573299.37,0.1461,5006.981397379912,Low,Low,Low
678,Suriname,2019,0.1116,529141.89,0.1347,4741.414784946236,Low,Low,Low
679,Suriname,2020,0.1071,477896.08999999997,0.2812,4462.148366013072,Mid,Low,Low
680,Suriname,2021,0.1011,487669.12999999995,0.1776,4823.631355093966,Low,Low,Low
682,Uruguay,1961,0.9789,3529060.73,0.0937,3605.128950863214,Low,Low,High
683,Uruguay,1962,0.9447,3694616.16,0.1395,3910.888281994284,Low,Low,High
684,Uruguay,1963,0.9116,3794421.85,0.152,4162.375877577885,Low,Low,High
685,Uruguay,1964,0.88,3961109.09,0.2515,4501.260329545455,Mid,Low,High
686,Uruguay,1965,0.8491,3929378.51,0.173,4627.69816276057,Low,Low,High
687,Uruguay,1966,0.8193,3961322.08,0.1536,4835.008031246185,Low,Low,High
688,Uruguay,1967,0.7852,3218676.99,0.1468,4099.181087620988,Low,Low,High
689,Uruguay,1968,0.7522,3395359.57,0.2807,4513.905304440308,Mid,Low,High
690,Uruguay,1969,0.7203,4071540.87,0.2519,5652.562640566431,Mid,Low,High
691,Uruguay,1970,0.6637,4107902.6,0.3019,6189.396715383457,Mid,Low,High
692,Uruguay,1971,0.6459,4019171.73,0.3852,6222.5913144449605,Mid,Low,High
693,Uruguay,1972,0.6278,3693184.2600000002,0.3331,5882.74014017203,Mid,Low,High
694,Uruguay,1973,0.6102,4135559.31,0.3207,6777.383333333333,Mid,Low,High
695,Uruguay,1974,0.5926,4406630.5,0.2061,7436.096017549781,Mid,Low,High
696,Uruguay,1975,0.5749,4582421.1899999995,0.2311,7970.814385110453,Mid,Low,High
697,Uruguay,1976,0.5569,5137705.02,0.3727,9225.543221404201,Mid,Low,High
698,Uruguay,1977,0.5396,4488153.08,0.3706,8317.555744996294,Mid,Low,High
699,Uruguay,1978,0.5229,4194571.26,0.2998,8021.746528973034,Mid,Low,High
700,Uruguay,1979,0.5063,4107383.12,0.4539,8112.548133517678,Mid,Low,High
701,Uruguay,1980,0.4906,4504253.58,0.4393,9181.112066856911,Mid,Low,High
702,Uruguay,1981,0.4831,4888555.33,0.4248,10119.137507762369,Mid,Low,High
703,Uruguay,1982,0.4753,4844391.6,0.4685,10192.28192720387,Mid,Low,Mid
704,Uruguay,1983,0.4677,4969695.98,0.3477,10625.819927303828,Mid,Low,Mid
705,Uruguay,1984,0.4601,4662885.37,0.406,10134.504173005867,Mid,Low,Mid
706,Uruguay,1985,0.4523,4721485.3,0.356,10438.835507406588,Mid,Low,Mid
707,Uruguay,1986,0.4442,4831108.96,0.2665,10875.976947321025,Mid,Low,Mid
708,Uruguay,1987,0.4364,4930005.8,0.3227,11296.988542621448,Mid,Low,Mid
709,Uruguay,1988,0.4286,5229004.77,0.6433,12200.1977834811,Mid,Low,Mid
710,Uruguay,1989,0.4203,5405880.97,0.511,12861.958053771115,Mid,Mid,Mid
711,Uruguay,1990,0.4126,5189275.6,0.5758,12577.013087736306,Mid,Mid,Mid
712,Uruguay,1991,0.4143,4877581.56,0.5897,11773.06676321506,Mid,Low,Mid
713,Uruguay,1992,0.416,5536533.7,0.6642,13308.975240384616,Mid,Mid,Mid
714,Uruguay,1993,0.4178,5146116.8,0.7079,12317.177596936332,Mid,Low,Mid
715,Uruguay,1994,0.4194,5185762.79,0.5205,12364.718144969003,Mid,Low,Mid
716,Uruguay,1995,0.4211,5637263.23,0.4373,13386.99413440988,Mid,Mid,Mid
717,Uruguay,1996,0.4224,6241452.53,0.9786,14776.166027462123,Mid,Mid,Mid
718,Uruguay,1997,0.424,6327085.24,0.9786,14922.370849056604,Mid,Mid,Mid
719,Uruguay,1998,0.4257,6356885.82,1.1139,14932.783227625088,Mid,Mid,Mid
720,Uruguay,1999,0.4276,6594464.44,0.8953,15422.040318054258,Mid,Mid,Mid
721,Uruguay,2000,0.4298,5862398.08,0.7546,13639.828013029315,Mid,Mid,Mid
722,Uruguay,2001,0.4299,5826390.7,1.1129,13552.897650616422,Mid,Mid,Mid
723,Uruguay,2002,0.4304,5883525.55,0.5413,13669.901370817843,Mid,Mid,Mid
724,Uruguay,2003,0.4311,6193682.26,1.3725,14367.159035026676,Mid,Mid,Mid
725,Uruguay,2004,0.4312,7154202.67,1.7582,16591.379104823747,Mid,Mid,Mid
726,Uruguay,2005,0.4316,7715731.01,1.5384,17877.04126506024,Mid,Mid,Mid
727,Uruguay,2006,0.4295,7981061.9,2.0085,18582.216298020958,Mid,Mid,Mid
728,Uruguay,2007,0.4533,8366722.4,1.9273,18457.362453121554,Mid,Mid,Mid
729,Uruguay,2008,0.5572,8508241.72,1.9277,15269.63697056712,Mid,Mid,High
730,Uruguay,2009,0.6656,9623974.67,2.1907,14459.096559495192,Mid,Mid,High
731,Uruguay,2010,0.6177,10602487.2,3.1539,17164.46041767848,Mid,Mid,High
732,Uruguay,2011,0.7113,10718874.39,2.9387,15069.414297764657,Mid,Mid,High
733,Uruguay,2012,0.6523,12392104.22,4.5192,18997.55361030201,Mid,Mid,High
734,Uruguay,2013,0.694,11696545.29,4.3351,16853.811657060516,Mid,Mid,High
735,Uruguay,2014,0.7298,12978271.86,3.6656,17783.326747053987,Mid,Mid,High
736,Uruguay,2015,0.7252,12195321.29,2.4034,16816.493781025925,Mid,Mid,High
737,Uruguay,2016,0.6636,11092824.5,3.2601,16716.130952380954,Mid,Mid,High
738,Uruguay,2017,0.6496,12104352.03,3.2375,18633.546844211825,Mid,Mid,High
739,Uruguay,2018,0.6393,9270641.24,3.3364,14501.237666197405,Mid,Mid,High
740,Uruguay,2019,0.6205,11962231.91,3.5855,19278.375358581787,Mid,Mid,High
741,Uruguay,2020,0.6017,11081459.07,4.2488,18416.91718464351,Mid,Mid,High
742,Uruguay,2021,0.6042,11921283.53,4.7517,19730.691046011252,Mid,Mid,High
744,Venezuela (Bolivarian Republic of),1961,0.4119,6967982.13,0.2082,16916.683976693374,Mid,Mid,Mid
745,Venezuela (Bolivarian Republic of),1962,0.3978,7241378.13,0.1458,18203.564932126697,Low,Mid,Mid
746,Venezuela (Bolivarian Republic of),1963,0.3843,7591630.09,0.3123,19754.436872235234,Mid,Mid,Mid
747,Venezuela (Bolivarian Republic of),1964,0.3718,8335130.34,0.354,22418.317213555674,Mid,Mid,Mid
748,Venezuela (Bolivarian Republic of),1965,0.3596,9180758.89,0.354,25530.475222469417,Mid,Mid,Mid
749,Venezuela (Bolivarian Republic of),1966,0.348,9672125.08,0.323,27793.46287356322,Mid,Mid,Mid
750,Venezuela (Bolivarian Republic of),1967,0.3381,10087377.02,0.3867,29835.483643892338,Mid,Mid,Mid
751,Venezuela (Bolivarian Republic of),1968,0.3278,9922831.5,0.5795,30270.992983526543,Mid,Mid,Mid
752,Venezuela (Bolivarian Republic of),1969,0.3179,10748794.88,0.4602,33811.874425920105,Mid,Mid,Mid
753,Venezuela (Bolivarian Republic of),1970,0.3085,11833932.84,0.5292,38359.587811993515,Mid,Mid,Mid
754,Venezuela (Bolivarian Republic of),1971,0.2995,12111449.85,0.6948,40438.897662771284,Mid,Mid,Mid
755,Venezuela (Bolivarian Republic of),1972,0.2873,12630236.7,0.7522,43961.84023668639,Mid,Mid,Mid
756,Venezuela (Bolivarian Republic of),1973,0.2809,12280904.32,0.8497,43719.844499822,Mid,Mid,Mid
757,Venezuela (Bolivarian Republic of),1974,0.2743,13300628.98,1.2074,48489.35100255196,Mid,Mid,Mid
758,Venezuela (Bolivarian Republic of),1975,0.2679,13282742.37,1.3497,49580.9718924972,Mid,Mid,Mid
759,Venezuela (Bolivarian Republic of),1976,0.2617,13593242.280000001,1.5475,51942.079786014525,Mid,Mid,Mid
760,Venezuela (Bolivarian Republic of),1977,0.2592,14138516.21,1.7251,54546.74463734569,Mid,Mid,Mid
761,Venezuela (Bolivarian Republic of),1978,0.2533,13668500.08,1.905,53961.705803395176,Mid,Mid,Mid
762,Venezuela (Bolivarian Republic of),1979,0.2468,14003122.99,2.0192,56738.747933549435,Mid,Mid,Mid
763,Venezuela (Bolivarian Republic of),1980,0.2413,14343236.08,2.3534,59441.50882718608,Mid,Mid,Mid
764,Venezuela (Bolivarian Republic of),1981,0.2264,13976854.43,1.4498,61735.22274734982,Mid,Mid,Mid
765,Venezuela (Bolivarian Republic of),1982,0.2215,14992098.18,1.4637,67684.41616252821,Mid,Mid,Mid
766,Venezuela (Bolivarian Republic of),1983,0.2108,14425375.66,1.5283,68431.57333965844,Mid,Mid,Mid
767,Venezuela (Bolivarian Republic of),1984,0.2059,14507284.45,2.5631,70457.91379310345,Mid,Mid,Mid
768,Venezuela (Bolivarian Republic of),1985,0.212,15916388.34,3.8311,75077.30349056603,Mid,Mid,Mid
769,Venezuela (Bolivarian Republic of),1986,0.2156,18523872.04,4.714,85917.77384044525,Mid,Mid,Mid
770,Venezuela (Bolivarian Republic of),1987,0.2106,19735109.97,5.7738,93708.9742165242,High,Mid,Mid
771,Venezuela (Bolivarian Republic of),1988,0.2053,20757949.74,6.2558,101110.3250852411,High,Mid,Mid
772,Venezuela (Bolivarian Republic of),1989,0.1873,19368619.6,5.0819,103409.60811532302,High,Mid,Mid
773,Venezuela (Bolivarian Republic of),1990,0.1828,17905268.95,4.2684,97950.04896061268,Mid,Mid,Mid
774,Venezuela (Bolivarian Republic of),1991,0.1786,18977222.34,4.2038,106255.44423292273,Mid,Mid,Low
775,Venezuela (Bolivarian Republic of),1992,0.1624,19595479.25,3.6021,120661.81804187193,Mid,Mid,Low
776,Venezuela (Bolivarian Republic of),1993,0.1588,19685084.3,2.9983,123961.4880352645,Mid,Mid,Low
777,Venezuela (Bolivarian Republic of),1994,0.1555,19017560.39,2.7901,122299.42372990356,Mid,Mid,Low
778,Venezuela (Bolivarian Republic of),1995,0.1527,18950066.0,3.498,124099.9738048461,Mid,Mid,Low
779,Venezuela (Bolivarian Republic of),1996,0.15,19700009.86,3.5605,131333.39906666667,Mid,Mid,Low
780,Venezuela (Bolivarian Republic of),1997,0.1474,20615135.68,3.5042,139858.45101763908,Mid,Mid,Low
781,Venezuela (Bolivarian Republic of),1998,0.1445,22427552.33,2.6776,155207.97460207614,Mid,Mid,Low
782,Venezuela (Bolivarian Republic of),1999,0.1416,22812823.02,2.2071,161107.50720338983,Mid,Mid,Low
783,Venezuela (Bolivarian Republic of),2000,0.139,24104664.810000002,3.6437,173414.85474820144,Mid,Mid,Low
784,Venezuela (Bolivarian Republic of),2001,0.1366,24541941.88,3.7687,179662.82489019033,Mid,Mid,Low
785,Venezuela (Bolivarian Republic of),2002,0.1341,23009693.89,3.9561,171586.08419090233,Mid,Mid,Low
786,Venezuela (Bolivarian Republic of),2003,0.128,24371836.92,3.9977,190404.9759375,Mid,Mid,Low
787,Venezuela (Bolivarian Republic of),2004,0.1277,24091375.06,4.2684,188656.03022709474,Mid,Mid,Low
788,Venezuela (Bolivarian Republic of),2005,0.1258,25907431.990000002,4.5807,205941.43076311608,Mid,High,Low
789,Venezuela (Bolivarian Republic of),2006,0.1238,26166524.37,3.7687,211361.263085622,Mid,High,Low
790,Venezuela (Bolivarian Republic of),2007,0.122,27230212.41,4.5963,223198.46237704917,Mid,High,Low
791,Venezuela (Bolivarian Republic of),2008,0.1217,26596187.68,6.4369,218538.92917009039,High,High,Low
792,Venezuela (Bolivarian Republic of),2009,0.1165,25508199.16,5.7754,218954.4992274678,High,High,Low
793,Venezuela (Bolivarian Republic of),2010,0.1149,24736651.49,6.1906,215288.5247171453,High,High,Low
794,Venezuela (Bolivarian Republic of),2011,0.1134,24909297.34,5.8342,219658.70670194004,High,High,Low
795,Venezuela (Bolivarian Republic of),2012,0.112,23978855.38,5.3187,214096.92303571425,High,High,Low
796,Venezuela (Bolivarian Republic of),2013,0.1106,24150240.27,5.0075,218356.6028028933,Mid,High,Low
797,Venezuela (Bolivarian Republic of),2014,0.1093,24060130.98,4.8858,220129.28618481246,Mid,High,Low
798,Venezuela (Bolivarian Republic of),2015,0.1081,22101732.02,4.88,204456.35541165585,Mid,Mid,Low
799,Venezuela (Bolivarian Republic of),2016,0.1073,18155151.37,4.7244,169199.9195712954,Mid,Mid,Low
800,Venezuela (Bolivarian Republic of),2017,0.108,17952661.86,4.6307,166228.35055555555,Mid,Mid,Low
801,Venezuela (Bolivarian Republic of),2018,0.1106,16194418.02,2.9629,146423.30940325497,Mid,Mid,Low
802,Venezuela (Bolivarian Republic of),2019,0.1139,15974778.03,2.3565,140252.66049165934,Mid,Mid,Low
803,Venezuela (Bolivarian Republic of),2020,0.1158,17505937.25,2.3219,151173.8968048359,Mid,Mid,Low
804,Venezuela (Bolivarian Republic of),2021,0.117,17225140.15,2.3949,147223.42008547008,Mid,Mid,Low
806,South America,1961,0.4748,254981786.34,3.771,537029.8785593935,Mid,High,Mid
807,South America,1962,0.4699,265552116.04999998,4.5479,565124.7415407533,Mid,High,Mid
808,South America,1963,0.4664,276894276.24,5.1631,593684.1257289881,High,High,Mid
809,South America,1964,0.4601,292052518.17,5.3263,634758.7875896544,High,High,Mid
810,South America,1965,0.4548,309216971.83,5.7161,679896.595932278,High,High,Mid
811,South America,1966,0.4527,311419821.4,5.2971,687916.5482659597,High,High,Mid
812,South America,1967,0.4486,320763821.96,7.3091,715033.0404814979,High,High,Mid
813,South America,1968,0.4491,321213759.03,8.3921,715238.8310621241,High,High,Mid
814,South America,1969,0.4421,327475869.43,8.7774,740728.0466636508,High,High,Mid
815,South America,1970,0.4358,342070689.45,11.6056,784925.8592244148,High,High,Mid
816,South America,1971,0.4331,351751040.75,12.3547,812170.4935349803,High,High,Mid
817,South America,1972,0.4331,358679342.95,16.9163,828167.4969983837,High,High,Mid
818,South America,1973,0.4309,374195650.65999997,15.7932,868404.8518449756,High,High,Mid
819,South America,1974,0.4289,395808884.6,17.2722,922846.5483795757,High,High,Mid
820,South America,1975,0.4265,398778558.01,15.9774,935002.4806799531,High,High,Mid
821,South America,1976,0.4331,425786365.01,20.4467,983113.2879473564,High,High,Mid
822,South America,1977,0.4388,449317774.59,24.9915,1023969.4042616226,High,High,Mid
823,South America,1978,0.4437,453609466.42,25.0014,1022333.7084065811,High,High,Mid
824,South America,1979,0.4483,469539542.0,27.2153,1047377.9656480036,High,High,Mid
825,South America,1980,0.4526,492805352.81,29.9441,1088831.9770437472,High,High,Mid
826,South America,1981,0.4475,513563875.49,24.0503,1147628.7720446927,High,High,Mid
827,South America,1982,0.4422,551883640.78,23.1288,1248040.7977838083,High,High,Mid
828,South America,1983,0.4373,569737815.3,22.161,1302853.4536931165,High,High,Mid
829,South America,1984,0.4329,593829916.0699999,30.1741,1371748.4778701777,High,High,Mid
830,South America,1985,0.4292,631213170.59,32.0814,1470673.743219944,High,High,Mid
831,South America,1986,0.4174,623581968.6899999,38.7248,1493967.3423334928,High,High,Mid
832,South America,1987,0.4048,667060747.63,40.4506,1647877.3409832015,High,High,Mid
833,South America,1988,0.3929,668468611.65,38.895,1701370.8619241535,High,High,Mid
834,South America,1989,0.3807,666156545.63,37.0007,1749820.1881534015,High,High,Mid
835,South America,1990,0.369,670528403.05,36.3429,1817150.1437669375,High,High,Mid
836,South America,1991,0.3582,685069826.52,36.2031,1912534.41239531,High,High,Mid
837,South America,1992,0.3479,710064601.9300001,36.5174,2041002.017620006,High,High,Mid
838,South America,1993,0.3379,686269059.46,42.7164,2030982.7151820066,High,High,Mid
839,South America,1994,0.3298,759339435.3199999,47.7897,2302424.000363857,High,High,Mid
840,South America,1995,0.3205,802646449.08,48.2914,2504357.0954134166,High,High,Mid
841,South America,1996,0.3176,803512166.01,55.7022,2529950.1448677583,High,High,Mid
842,South America,1997,0.317,852094495.69,60.3184,2687995.254542587,High,High,Mid
843,South America,1998,0.3168,883907528.72,61.6749,2790112.1487373738,High,High,Mid
844,South America,1999,0.3152,886863798.63,64.149,2813654.183470812,High,High,Mid
845,South America,2000,0.3146,887401869.72,67.5953,2820730.6729815644,High,High,Mid
846,South America,2001,0.3122,937467554.39,70.121,3002778.8417360666,High,High,Mid
847,South America,2002,0.3099,975763880.04,77.7772,3148641.110164569,High,High,Mid
848,South America,2003,0.314,1051723056.9,88.7156,3349436.486942675,High,High,Mid
849,South America,2004,0.3187,1083061949.16,99.8158,3398374.4874803894,High,High,Mid
850,South America,2005,0.3233,1112078090.16,84.9996,3439771.3892978663,High,High,Mid
851,South America,2006,0.3265,1178980456.5,92.228,3610966.1761102607,High,High,Mid
852,South America,2007,0.3283,1291820603.5,115.242,3934878.4754797444,High,High,Mid
853,South America,2008,0.324,1415373692.93,107.938,4368437.323858025,High,High,Mid
854,South America,2009,0.3193,1414155240.91,93.9563,4428923.397776387,High,High,Mid
855,South America,2010,0.3258,1503470164.8600001,115.9987,4614702.777348067,High,High,Mid
856,South America,2011,0.3263,1558155710.03,132.9944,4775224.364174074,High,High,Mid
857,South America,2012,0.3263,1529368067.5,123.5348,4686999.900398406,High,High,Mid
858,South America,2013,0.3247,1630093209.23,136.565,5020305.541207268,High,High,Mid
859,South America,2014,0.3219,1618626950.68,147.288,5028353.372724448,High,High,Mid
860,South America,2015,0.3247,1662283303.38,121.7272,5119443.496704651,High,High,Mid
861,South America,2016,0.3201,1649460120.51,130.8788,5152952.57891284,High,High,Mid
862,South America,2017,0.3189,1696149913.8600001,153.309,5318751.689746003,High,High,Mid
863,South America,2018,0.3179,1655944179.6200001,154.0408,5209009.687385971,High,High,Mid
864,South America,2019,0.3174,1719962991.24,163.5284,5418913.015879017,High,High,Mid
865,South America,2020,0.3189,1752409042.49,189.3039,5495167.897428661,High,High,Mid
866,South America,2021,0.3196,1705889634.16,211.8834,5337577.078097623,High,High,Mid
